Doctor,Patient,Created,Scheduled,Note,Status
"Hristo Botev","Hristo Botev","2016-06-16 10:54:53","2016-06-17 07:25:00",Pending,test
"Hristo Botev","Hristo Botev","2016-06-16 11:14:08","2016-06-17 07:45:00",Pending,ttttrwtetert
"Hristo Botev","Hristo Botev","2016-06-16 11:15:58","2016-06-18 07:55:00",Pending,ttttrwtetert
"Hristo Botev","Hristo Botev","2016-06-16 11:27:33","2016-06-22 12:00:00",Pending,trurur
"Hristo Botev","Hristo Botev","2016-06-16 11:32:44","2016-06-22 10:20:00",Pending,84848
"Hristo Botev","Hristo Botev","2016-06-21 14:20:44","2016-06-22 07:35:00",Pending,hhhgghhg
"Hristo Botev","Hristo Botev","2016-06-21 14:32:27","2016-06-22 10:10:00",Pending,фафаф
"Hristo Botev","Hristo Botev","2016-06-21 15:26:18","2016-06-24 07:25:00",Pending,ъуъуъу
"Hristo Botev","hristo botev","2016-06-21 16:33:45","2016-06-24 11:20:00",Pending,u4u4
